,Communality
Q11P,0.06985534809486985
Q12P,0.06182050577931818
Q149,0.037114174776566804
Q150,0.08642314843767354
Q151P,0.18183327531360655
Q15P,0.3174284096352168
Q165P,0.4970018868587029
Q166P,0.2628480633885569
Q16P,0.040526731213553976
Q17P,0.11143278896831658
Q19P,0.498861235766817
Q20P,0.3290413583829107
Q21P,0.4085437084139863
Q22P,0.3654492032441172
Q23P,0.41836568569911436
Q25P,0.418046029451968
Q26P,0.391150315797557
Q57P,0.16410202580878996
Q8P,0.0732480651701185
Q9P,0.05888106599730247
Q106,0.11538414642209852
Q107,0.08926019940006366
Q108,0.1219508463205092
Q109,0.14924496589890424
Q110,0.14478881016581105
Q111,0.05098326298503091
Q112,0.27086812326902965
Q121,0.14441135223498014
Q123,0.11658899944542961
Q124,0.0904810759995639
Q130P,0.09208741651905951
Q160,0.1550273745476489
Q162,0.12468429039830611
Q163,0.14044370491039204
Q164,0.6964025948467275
Q169P,0.5732185708988969
Q170P,0.4905801543864489
Q171P,0.41088610361125133
Q172P,0.6432622115680728
Q173P,0.4474020867579159
Q176P,0.03047139168407394
Q180,0.31101645603288935
Q182,0.5920540630865487
Q184,0.569586081856039
Q185,0.5206850001459824
Q186,0.6060842221031555
Q188,0.492867247264549
Q189,0.31352665011657554
Q190,0.22003355319166323
Q195,0.17354910829712286
Q197P,0.21652037547445838
Q199P,0.1662297278990287
Q224P,0.30253899097842707
Q234P,0.2167831633551512
Q235P,0.2386346040762246
Q236P,0.09389042083221077
Q237P,0.2517810362880534
Q238P,0.22447120263846312
Q239P,0.30153817926966064
Q241,0.27000855419904535
Q242,0.32578181869509026
Q243,0.4614522830100075
Q245,0.2534993110518871
Q246,0.4306755508217218
Q248,0.305440586325617
Q249,0.3950071510176016
Q250,0.3021402768614593
Q254P,0.1923971686683093
Q255P,0.1752619989212718
Q259P,0.07376185090113142
Q27P,0.3195745731221254
Q28P,0.1760441738192109
Q29P,0.38101321512151287
Q2P,0.1029276788765535
Q30P,0.2587502157506666
Q32P,0.06000034569358957
Q33P,0.4919073555072829
Q34P,0.3332120596923139
Q35P,0.23333458673311164
Q37P,0.4295014062303982
Q38P,0.38382299371026485
Q39P,0.3008349697831469
Q3P,0.09188051976482035
Q41P,0.3863508584488318
Q42,0.03130168053820309
Q4P,0.14955573486141877
Q5P,0.19272133683387627
Q64P,0.3926443816972072
Q65P,0.32744844198098916
Q66P,0.33059099283957516
Q68P,0.34469335878083796
Q69P,0.4238899675006739
Q6P,0.6855044183726974
Q70P,0.4995696596062153
Q71P,0.5734637073722662
Q72P,0.5679434747420827
Q73P,0.6381439676249182
Q77P,0.2622786276645664
Q90,0.0772025378548733
