,KMO_Score
Q108,0.7573958031452435
Q109,0.7875803134724131
Q236P,0.7877566101506306
Q3P,0.7928523734261188
Q4P,0.8008722202288513
Q189,0.8095086934637459
Q124,0.8181700659758687
Q195,0.8195918027806123
Q199P,0.8214277800645873
Q110,0.8377238778059952
Q190,0.8383850240799051
Q16P,0.8435792536783049
Q2P,0.8462318424895988
Q149,0.8519288191009333
Q130P,0.8565291099388882
Q42,0.8593022468214031
Q180,0.8597340723992748
Q19P,0.8626080854612519
Q243,0.8646800003551677
Q90,0.8665817657655767
Q259P,0.8688985804724365
Q162,0.870916912885845
Q246,0.8726359043350859
Q12P,0.8740592404097622
Q106,0.8755278367239854
Q238P,0.8813250425746865
Q249,0.8839745978228681
Q26P,0.8843333872699136
Q250,0.8848449470370299
Q176P,0.8854527972791773
Q121,0.8869311433021557
Q21P,0.8895476190976608
Q9P,0.895521517649825
Q69P,0.8958374615870308
Q23P,0.8972025738600201
Q241,0.8999286983252429
Q11P,0.9013627493159689
Q32P,0.9046316277427466
Q73P,0.904817758387711
Q234P,0.9057955953625808
Q107,0.9080055927217584
Q163,0.9129114011495809
Q235P,0.914599272621675
Q72P,0.9162279082060637
Q70P,0.9179511473232744
Q123,0.9218632979874012
Q160,0.9246158567565939
Q65P,0.9246194921463615
Q8P,0.9255555388588393
Q150,0.9275920425313001
Q245,0.9306194045874194
Q111,0.9308026427569693
Q254P,0.9312951634934789
Q237P,0.9335546472232841
Q20P,0.9353394088099403
Q255P,0.9354439607040843
Q25P,0.9368576526195589
Q165P,0.9373506069394596
Q17P,0.9378732547524657
Q71P,0.9389230626523797
Q112,0.939038865728525
Q22P,0.9410591167216826
Q30P,0.942349953659612
Q68P,0.9449422049484038
Q66P,0.9457605430489303
Q242,0.9462430841627295
Q185,0.9496978490828369
Q5P,0.9502170277696553
Q77P,0.9526969639522417
Q28P,0.954944133166064
Q166P,0.9568165591326296
Q248,0.9576562090411956
Q164,0.9579108850604892
Q239P,0.957944322936934
Q39P,0.9580087808992083
Q184,0.9584241603840844
Q186,0.9587641779421279
Q29P,0.9591687616210192
Q224P,0.959366319697982
Q171P,0.960990043979264
Q173P,0.9614559389745607
Q182,0.9633617609884013
Q172P,0.9635284510988104
Q34P,0.9636888857975663
Q170P,0.964466543517873
Q188,0.9649641185819592
Q35P,0.9657817591478307
Q57P,0.9659051435105278
Q33P,0.9659487545995348
Q169P,0.9663756865703903
Q15P,0.9671402294090222
Q197P,0.9703288674217889
Q64P,0.9704761995445343
Q41P,0.9718382301359718
Q151P,0.9720716385562417
Q6P,0.972563977734616
Q38P,0.9742898718279945
Q27P,0.9785340900356023
Q37P,0.97994188853489
